idducto_logico,denominacion_ducto,categoria,anios_con_capacidad_no_dudosa,anios_con_capacidad_dudosa,primer_anio_transporte,ultimo_anio_transporte,volumen_petroleo_total_m3,idducto_originales
4,El Trébol - Caleta Córdova,SIN_CAPACIDAD_EN_ANEXO_2A,,,2019,2026,15661176.4,4
5,Km 9 - Empalme Caleta Córdova,SIN_CAPACIDAD_EN_ANEXO_2A,,,2019,2026,1503709.9,5
10,Barrancas - Lujan de Cuyo Refinería YPF,SIN_CAPACIDAD_EN_ANEXO_2A,,,2019,2025,5797268.0,10
14,La Ventana - Barrancas,SIN_CAPACIDAD_EN_ANEXO_2A,,,2019,2025,3117323.0,14
17,Vizcacheras - La Ventana,SIN_CAPACIDAD_EN_ANEXO_2A,,,2019,2025,1667166.0,17
19,Cerro Bandera/Plaza Huincul Refinería YPF,SIN_CAPACIDAD_EN_ANEXO_2A,,,2019,2021,543206.5,19
20,Loma La Lata/Centenario,SIN_CAPACIDAD_EN_ANEXO_2A,,,2019,2026,19323001.9,20
26,Catriel Oeste/Medanito Planta YPF,SIN_CAPACIDAD_EN_ANEXO_2A,,,2019,2026,2515034.8,26
37,La Plata - Dock Sud,EN_RANKING,"2019,2020,2021,2022,2023,2024,2025",,2019,2026,18556023.1,37
45,Puerto Rosales - La Plata,EN_RANKING,"2019,2020,2021,2022,2023,2024,2025",,2019,2026,127099309.9,45
46,Puesto Hernandez - Lujan de Cuyo,EN_RANKING,"2019,2020,2021,2022,2023,2024,2025",,2019,2026,37989984.9,46
64,Estancia La Escondida - Cerro Tortuga III,EN_RANKING,"2021,2022,2023,2024,2025",,2021,2026,111006.8,64
67,CERRO DRAGON - CALETA CORDOVA 16,CAPACIDAD_DUDOSA_TODOS_LOS_ANIOS,,"2021,2022,2023,2024,2026",2021,2026,25440034.0,67
69,LINDERO ATRAVESADO- CENTENARIO,EN_RANKING,"2021,2022,2023",,2021,2023,949489.0,69
74,Campo Durán  - PM11 Refinor,SIN_CAPACIDAD_EN_ANEXO_2A,,,2020,2025,323531.5,74
75,Chango Norte - Balbuena ,EN_RANKING,"2020,2023,2024","2021,2022",2020,2023,16830.8,75
76,El Tordillo - Caleta Córdova,EN_RANKING,"2020,2021,2022,2023,2024",,2019,2025,2668657.5,76
78,Lomitas - PM12 Refinor,SIN_CAPACIDAD_EN_ANEXO_2A,,,2020,2025,20038.1,78
84,El Trapial PTC  - Puesto Hernández ,SIN_CAPACIDAD_EN_ANEXO_2A,,,2020,2026,2414532.6,84
93,El Corcobo-Puesto Hernandez,EN_RANKING,"2019,2020,2021,2022,2023,2024",,2019,2026,3217092.3,93
97,Entre Lomas - Intersección oleoducto Medanito - Allen (PTCCB_OLDELVAL),EN_RANKING,"2019,2020,2021,2022,2023",,2019,2023,5732880.0,97
100,Aguada Pichana - Loma La Lata,EN_RANKING,"2019,2020,2021,2022,2023,2024",,2019,2026,639568.6,100
108,Confluencia Sur - Aguas del Carrizo ,CAPACIDAD_DUDOSA_TODOS_LOS_ANIOS,,"2020,2021",2020,2022,72494.3,108
114,María Inés - Punta Loyola,EN_RANKING,"2018,2019,2020,2021,2022,2023,2024",,2018,2026,1052264.1,114
135,Oleoducto Entrega BRM - ULACT,EN_RANKING,"2019,2020,2021,2022,2023,2024",,2019,2026,1235276.0,135
146,El Sosneado  - Intersección oleoducto [Puesto Hernandez-Lujan de Cuyo],SIN_CAPACIDAD_EN_ANEXO_2A,,,2021,2023,126100.8,146
148,Medanito (La Pampa) -  Oleoducto OLDELVAL [Medanito - Allen],SIN_CAPACIDAD_EN_ANEXO_2A,,,2021,2023,474455.2,148
149,Brandsen - Campana,EN_RANKING,"2019,2020,2021,2022,2023,2024",2026,2019,2026,30047629.8,149
150,Puerto Rosales - Puerto Galvan,EN_RANKING,"2019,2020,2021,2022,2023,2024",,2019,2026,11117205.0,150
160,PTC-PCO a ULACT-PCO ( YPF  - Tupungato) ,EN_RANKING,"2021,2022,2023,2024",,2021,2025,323975.2,160
161, PTC.CM a UL-CM  (a YPF en Cañadón León),EN_RANKING,"2021,2022,2023,2024",,2021,2026,433393.1,161
171,PTC-EH-1 a ULACT PT,EN_RANKING,"2021,2022,2023,2024",,2021,2026,1329664.5,171
195, Al Norte de la Dorsal  - Plaza Huincul,SIN_CAPACIDAD_EN_ANEXO_2A,,,2021,2025,173714.9,195
211,Medanito - Allen,EN_RANKING,"2019,2020,2021,2022,2023,2024",,2019,2026,57065483.0,211
213,Challaco-Centenario ,EN_RANKING,"2019,2020,2021,2022,2023,2024",,2019,2026,2565634.0,213
214,Centenario-Challaco (D. Pza Huincul),EN_RANKING,"2019,2020,2021,2022,2023,2024",,2019,2025,4163454.0,214
216,Allen - Puerto Rosales,EN_RANKING,"2019,2020,2021,2022,2023,2024",,2019,2026,86137472.0,216
218,Puesto Hernandez-Medanito ,EN_RANKING,"2019,2020,2021,2022,2023,2024",,2019,2026,12282271.0,218
221,Centenario - Allen L10,EN_RANKING,2024,"2019,2020,2021,2022,2023",2019,2026,12833941.0,221
222,Loma Negra PTC  - Allen Planta Oldelval,EN_RANKING,"2019,2020,2021,2022",,2018,2026,1261872.4,222
223,Challaco- D. Plaza Huincul ,EN_RANKING,"2020,2021,2022,2023,2024",,2020,2026,4612233.0,223
228,Agua del Cajon - Centenario,SIN_CAPACIDAD_EN_ANEXO_2A,,,2021,2026,282040.1,228
234,Puesto Flores - Loma Negra,SIN_CAPACIDAD_EN_ANEXO_2A,,,2019,2025,241636.1,234
240,Pampa del Castillo-La Guitarra- intersección El trebol,EN_RANKING,"2019,2020,2021",,2018,2026,2128310.6,240
252,Cerro Bayo- Puesto Hernandez ,EN_RANKING,"2019,2020,2023,2024","2021,2022",2019,2026,976855.0,252
253,Aguada Baguales - Challaco,SIN_CAPACIDAD_EN_ANEXO_2A,,,2021,2022,54247.4,253
255,El condor - Punta Loyola,EN_RANKING,"2018,2019,2020,2021,2022,2023,2024",,2018,2026,1371426.7,"255,532"
274,25 de Mayo - Intersección Medanito - Allen (PTCMED_ULACTMED),EN_RANKING,"2019,2020,2021,2022,2023,2024,2025",,2019,2026,1848805.1,274
291,Loma Campana - Lago Pellegrini,EN_RANKING,"2019,2020,2021,2024,2025","2022,2023",2019,2026,46192803.6,291
296,Aguada Toledo/Ref Pza Huincul,SIN_CAPACIDAD_EN_ANEXO_2A,,,2019,2026,4128235.2,296
297,Pico Truncado/Caleta Olivia,SIN_CAPACIDAD_EN_ANEXO_2A,,,2019,2025,8680683.4,297
298,Las Heras/Pico Truncado,SIN_CAPACIDAD_EN_ANEXO_2A,,,2019,2025,15615826.4,298
308,SAN ROQUE - LOMA LA LATA,EN_RANKING,"2019,2020,2021,2022,2023,2024",,2019,2026,545435.1,308
329,Oleoducto AM6-AM3,EN_RANKING,"2019,2020,2021,2022,2023,2024",,2019,2026,300123.2,329
332,Derivación Balbuena,EN_RANKING,"2021,2022,2023",,2019,2023,10762.0,332
333,Derivación Aguaray,EN_RANKING,2021,2022,2019,2022,10692.0,333
348,BMo Oeste - PTC Entre Lomas 6 (1BMo_PTCCB),EN_RANKING,"2019,2021,2022,2023,2024,2025",,2019,2026,1765172.5,348
349,Oleoducto Bat 1 BAPE - Nodo 1 (1BP_N1),SIN_CAPACIDAD_EN_ANEXO_2A,,,2024,2026,207586.0,349
350,Oleoducto Bat ChdP - Nodo 2 (1chdP_N2),SIN_CAPACIDAD_EN_ANEXO_2A,,,2024,2026,193516.0,350
356,BMo_La Escondida 12,EN_RANKING,"2020,2021,2022,2023,2024,2025",,2020,2026,19728936.7,356
360,Fortín de Piedra - Loma Campana,EN_RANKING,"2021,2022,2023,2024",,2021,2026,3220511.9,360
368,Fortín de Piedra - PMG1,SIN_CAPACIDAD_EN_ANEXO_2A,,,2026,2026,46955.8,368
374,BANDURRIA CENTRO - LOMA CAMPANA,EN_RANKING,"2022,2023,2026","2021,2024",2021,2026,1987862.0,374
379,Puesto Hernandez - Buta Mallin,EN_RANKING,"2023,2024,2025",,2023,2026,12264086.4,379
382,Centenario - Allen L14,EN_RANKING,2024,,2024,2026,8852018.0,382
391,ADC-Oleoducto PTC a PDC,EN_RANKING,2021,,2021,2021,6038.0,391
399,LINDERO ATRAVESADO - CENTENARIO 10,CAPACIDAD_DUDOSA_TODOS_LOS_ANIOS,,2026,2022,2026,2720283.0,399
476,Octógono Fiscal - Plaza Huincul Refineria,SIN_CAPACIDAD_EN_ANEXO_2A,,,2021,2025,134126.8,476
480,Oleoducto BdP,SIN_CAPACIDAD_EN_ANEXO_2A,,,2022,2024,112760.5,480
481,Oleoducto Barranca Los Loros,SIN_CAPACIDAD_EN_ANEXO_2A,,,2022,2024,81336.7,481
483,Oleoducto El Santiagueño,SIN_CAPACIDAD_EN_ANEXO_2A,,,2022,2024,105674.6,483
489,PTC CS a ULACT CS,CAPACIDAD_DUDOSA_TODOS_LOS_ANIOS,,"2023,2024",2023,2026,1268299.2,489
500,Sierras blancas - Allen,EN_RANKING,"2023,2024,2025",2022,2022,2026,9289850.4,500
505,La Escondida - Medanito,SIN_CAPACIDAD_EN_ANEXO_2A,,,2023,2023,806828.0,505
507,OLEODUCTO CANBateria_N1 (CANBateria_N1),SIN_CAPACIDAD_EN_ANEXO_2A,,,2024,2025,151402.7,507
511,Allen - Puerto Rosales (Duplicar),SIN_CAPACIDAD_EN_ANEXO_2A,,,2025,2026,16869318.0,511
516,Oleoducto de 16 pulgadas REFINERIA - POSTA 3,CAPACIDAD_DUDOSA_TODOS_LOS_ANIOS,,"2024,2025",2024,2025,675915.6,516
517,Vaca Muerta Oleoducto Norte (VMON),EN_RANKING,"2023,2024,2025",,2023,2026,14134718.8,517
522,Ramos - Balbuena,SIN_CAPACIDAD_EN_ANEXO_2A,,,2024,2026,53141.2,522
539,Vaca Muerta Oleoducto Centro (VMOC),CAPACIDAD_DUDOSA_TODOS_LOS_ANIOS,,2025,2025,2026,18879722.1,539
544,Salitral - Puerto Galvan,SIN_CAPACIDAD_EN_ANEXO_2A,,,2025,2026,699287.0,544
565,NU_ULACT.CaBo.VMON,SIN_CAPACIDAD_EN_ANEXO_2A,,,2026,2026,645223.3,565
566,Oleoducto El Tordillo - Caleta Cordova,SIN_CAPACIDAD_EN_ANEXO_2A,,,2025,2026,184960.6,566
