fecha,exportacion_m3,exportacion_usd,exportacion_chile_m3,estado,dias_mes,exportacion_bbl_dia,usd_por_bbl,prod_cuenca_oficial_m3,prod_cuenca_bbl_dia,prod_vm_m3,prod_vm_bbl_dia
2020-01-01,0.0,0.0,0.0,sin_exportacion_declarada,31,0.0,,1241542.912,251905.052,551824.101,111963.33
2020-02-01,0.0,0.0,0.0,sin_exportacion_declarada,29,0.0,,1184921.036,256997.115,545278.072,118265.173
2020-03-01,0.0,0.0,0.0,sin_exportacion_declarada,31,0.0,,1269462.786,257569.904,605009.729,122754.522
2020-04-01,0.0,0.0,0.0,sin_exportacion_declarada,30,0.0,,1000420.685,209748.201,436739.805,91566.868
2020-05-01,169865.83,21245106.87,40916.0,con_exportacion,31,34465.229,19.885,1018603.244,206671.312,459116.335,93153.223
2020-06-01,162800.94,29953417.82,0.0,con_exportacion,30,34132.845,29.252,1124817.326,235829.201,555924.068,116555.04
2020-07-01,303181.38,69686573.94,0.0,con_exportacion,31,61514.524,36.543,1168259.794,237036.144,575670.882,116801.765
2020-08-01,269367.55,68678733.94,0.0,con_exportacion,31,54653.807,40.536,1178947.175,239204.579,578442.504,117364.118
2020-09-01,73950.59,19040434.0,73950.59,con_exportacion,30,15504.481,40.935,1101714.725,230985.509,529818.637,111081.775
2020-10-01,0.0,0.0,0.0,sin_exportacion_declarada,31,0.0,,1146329.593,232586.577,568748.313,115397.198
2020-11-01,69193.0,17469148.0,9752.0,con_exportacion,30,14507.004,40.14,1122248.842,235290.692,565181.365,118495.925
2020-12-01,0.0,0.0,0.0,sin_exportacion_declarada,31,0.0,,1175559.173,238517.164,610768.721,123923.003
2021-01-01,134751.529,37294087.4,0.0,con_exportacion,31,27340.651,44.002,1219890.677,247511.883,655853.143,133070.487
2021-02-01,0.0,0.0,0.0,sin_exportacion_declarada,28,0.0,,1129752.905,253782.851,612130.936,137506.47
2021-03-01,104113.67,38937949.84,0.0,con_exportacion,31,21124.328,59.46,1286935.784,261115.119,711168.638,144293.823
2021-04-01,54934.0,22204103.0,54934.0,con_exportacion,30,11517.462,64.262,1256020.323,263337.221,702400.401,147265.268
2021-05-01,75321.71,32004414.69,0.0,con_exportacion,31,15282.532,67.554,1301731.234,264117.068,727287.319,147564.251
2021-06-01,214797.47,91936159.06,0.0,con_exportacion,30,45034.438,68.049,1277879.4,267920.195,724627.738,151925.452
2021-07-01,78429.0,34111660.0,0.0,con_exportacion,31,15912.991,69.15,1378006.949,279593.165,795089.854,161321.167
2021-08-01,216137.43,92518949.58,0.0,con_exportacion,31,43853.587,68.056,1355381.63,275002.56,778010.266,157855.773
2021-09-01,134766.41,61882625.3,0.0,con_exportacion,30,28255.126,73.005,1375511.417,288389.724,829933.311,174003.818
2021-10-01,225548.778,109465036.82,0.0,con_exportacion,31,45763.119,77.161,1503749.043,305105.83,937541.532,190224.152
2021-11-01,80836.0,37467460.01,0.0,con_exportacion,30,16948.076,73.691,1495303.571,313505.347,944512.071,198026.401
2021-12-01,313583.697,148824439.377,79019.39,con_exportacion,31,63625.121,75.454,1579140.922,320402.599,1017860.132,206520.537
2022-01-01,220579.276,116143950.42,131870.0,con_exportacion,31,44754.824,83.713,1630730.656,330869.99,1073876.4,217886.058
2022-02-01,233349.797,130200417.35,0.0,con_exportacion,28,52418.698,88.709,1459405.722,327834.647,965469.354,216878.898
2022-03-01,368368.83,242289657.5,0.0,con_exportacion,31,74740.847,104.572,1641354.237,333025.48,1094936.654,222159.115
2022-04-01,261372.05,173275584.21,0.0,con_exportacion,30,54799.264,105.4,1616117.001,338835.09,1093235.71,229207.799
2022-05-01,226566.83,152195393.27,0.0,con_exportacion,31,45969.679,106.799,1698385.93,344597.026,1158145.085,234983.902
2022-06-01,294749.07,211626013.97,0.0,con_exportacion,30,61797.09,114.151,1632265.223,342220.727,1111534.037,233044.226
2022-07-01,167896.401,107656478.63,0.0,con_exportacion,31,34065.638,101.944,1723547.923,349702.314,1188020.676,241045.563
2022-08-01,351283.58,214955443.56,0.0,con_exportacion,31,71274.305,97.287,1745562.15,354168.929,1208523.752,245205.571
2022-09-01,440519.59,254494176.23,0.0,con_exportacion,30,92359.337,91.849,1743829.219,365611.234,1234525.42,258830.6
2022-10-01,754621.609,391892793.0,0.0,con_exportacion,31,153110.29,82.566,1860611.201,377512.011,1329811.062,269814.375
2022-11-01,446274.028,242097263.85,0.0,con_exportacion,30,93565.813,86.248,1800423.542,377476.8,1291519.464,270779.971
2022-12-01,430057.401,204593579.01,0.0,con_exportacion,31,87257.259,75.636,1888100.544,383089.51,1365579.764,277071.729
2023-01-01,353585.523,163510869.56,0.0,con_exportacion,31,71741.362,73.522,1910182.427,387569.853,1404766.813,285022.655
2023-02-01,361220.879,171502962.85,0.0,con_exportacion,28,81143.11,75.485,1780605.371,399987.559,1305575.259,293278.831
2023-03-01,416114.144,189767934.84,0.0,con_exportacion,31,84428.218,72.506,2007348.135,407284.461,1482926.767,300881.057
2023-04-01,409943.195,199643974.96,0.0,con_exportacion,30,85948.69,77.428,1923676.426,403318.0,1411291.97,295891.474
2023-05-01,383433.97,167346734.7,45697.04,con_exportacion,31,77797.516,69.389,1981595.186,402059.271,1460952.105,296422.469
2023-06-01,421358.003,186748037.62,132671.91,con_exportacion,30,88341.919,70.464,1885306.989,395273.463,1387103.545,290820.129
2023-07-01,427341.724,155439797.238,154960.81,con_exportacion,31,86706.257,57.83,1943359.271,394301.327,1434821.522,291120.658
2023-08-01,636823.139,323064200.948,199613.87,con_exportacion,31,129209.361,80.655,1979561.827,401646.709,1465091.997,297262.44
2023-09-01,528932.382,289146133.71,187746.81,con_exportacion,30,110895.963,86.912,1959748.544,410880.88,1455608.002,305182.774
2023-10-01,516674.541,277279668.88,154829.98,con_exportacion,31,104831.598,85.323,2107171.422,427538.284,1594905.896,323601.261
2023-11-01,408404.135,202891105.353,148825.67,con_exportacion,30,85626.011,78.983,2108489.015,442065.807,1619933.195,339635.194
2023-12-01,392640.54,188277222.57,155115.26,con_exportacion,31,79665.499,76.237,2242555.407,455007.258,1735657.352,352159.278
2024-01-01,376014.581,181704959.79,169899.3,con_exportacion,31,76292.146,76.829,2207054.61,447804.261,1703921.283,345720.132
2024-02-01,467860.601,230332456.754,176479.29,con_exportacion,29,101474.124,78.271,2085116.335,452240.163,1628019.111,353100.504
2024-03-01,409160.281,212515606.87,193073.84,con_exportacion,31,83017.301,82.577,2269005.728,460373.943,1778009.51,360752.394
2024-04-01,603569.124,326959414.96,217148.18,con_exportacion,30,126544.303,86.125,2208254.006,462982.535,1733433.13,363431.59
2024-05-01,559833.419,282195362.55,214808.9,con_exportacion,31,113588.395,80.141,2298404.033,466338.764,1806163.577,366464.763
2024-06-01,484747.319,246389547.31,261358.99,con_exportacion,30,101632.123,80.811,2258002.943,473412.897,1781236.479,373454.04
2024-07-01,589200.041,299310843.4,303584.24,con_exportacion,31,119546.788,80.765,2389541.619,484830.286,1903408.201,386195.384
2024-08-01,544200.95,238697687.56,288623.29,con_exportacion,31,110416.617,69.735,2481665.504,503521.925,1984720.805,402693.449
2024-09-01,815905.816,361669129.7,337862.75,con_exportacion,30,171062.813,70.475,2479079.738,519763.858,1839811.095,385734.794
2024-10-01,681188.707,313136513.71,305199.2,con_exportacion,31,138210.991,73.085,2565088.764,520448.236,2079016.077,421825.656
2024-11-01,753715.86,334683005.55,316582.65,con_exportacion,30,158024.067,70.597,2552157.886,535085.422,2087404.146,437645.153
2024-12-01,679181.729,299644884.83,329713.85,con_exportacion,31,137803.782,70.143,2676586.921,543070.852,2207056.377,447804.619
2025-01-01,713761.35,336560173.53,334327.21,con_exportacion,31,144819.875,74.967,2649571.246,537589.459,2182098.442,442740.735
2025-02-01,646939.671,297393313.55,294750.65,con_exportacion,28,145325.755,73.085,2388797.902,536609.323,1974339.211,443507.099
2025-03-01,747517.039,332738220.97,290692.23,con_exportacion,31,151668.796,70.769,2659466.453,539597.164,2200939.638,446563.553
2025-04-01,859941.077,342096525.08,436614.3,con_exportacion,30,180295.246,63.247,2552392.723,535134.658,2107948.542,441952.491
2025-05-01,946249.076,324798359.44,434918.6,con_exportacion,31,191990.885,54.572,2663666.014,540449.242,2209026.549,448204.361
2025-06-01,875579.268,366137624.23,265803.0,con_exportacion,30,183573.949,66.483,2709013.326,567971.734,2272693.858,476492.994
2025-07-01,1029996.11,449146189.84,322540.65,con_exportacion,31,208982.888,69.329,2953144.022,599183.396,2508533.006,508973.255
2025-08-01,777781.684,324898561.35,329857.253,con_exportacion,31,157809.395,66.413,3035272.181,615846.934,2597057.604,526934.61
2025-09-01,1147305.486,480809256.58,275316.243,con_exportacion,30,240544.068,66.628,3033434.047,635989.782,2609509.674,547109.798
2025-10-01,1024678.283,403809739.82,192793.0,con_exportacion,31,207903.918,62.655,3231088.232,655577.379,2802767.768,568672.539
2025-11-01,1116559.862,430978289.65,320450.23,con_exportacion,30,234097.941,61.367,3155277.907,661535.566,2752233.069,577033.185
2025-12-01,1226860.14,446650562.3,254444.68,con_exportacion,31,248925.965,57.881,3329475.152,675539.768,2911601.746,590754.602
2026-01-01,1120846.786,427866974.454,274932.02,con_exportacion,31,227416.197,60.691,3365110.751,682770.116,,
2026-02-01,913315.732,374040316.209,278209.75,con_exportacion,28,205163.332,65.112,2998198.267,673502.409,,
2026-03-01,1159947.005,605161468.13,254139.0,con_exportacion,31,235349.506,82.946,3352937.334,680300.169,,
2026-04-01,1112511.256,672386920.27,245985.57,con_exportacion,30,233249.11,96.09,3330021.681,698172.346,,
2026-05-01,1478492.219,933028908.877,269576.26,con_exportacion,31,299981.302,100.332,3472403.175,704539.403,,
2026-06-01,1036610.32,597273257.966,263032.8,con_exportacion,30,217335.72,91.605,3410673.34,715081.773,,
2026-07-01,1512598.02,763717745.196,287771.31,con_exportacion,31,306901.259,80.274,3572096.328,724766.822,,
2026-08-01,838537.934,419560499.279,316860.531,con_exportacion,31,170136.642,79.549,3689119.606,748510.468,,
