anio,pais,volumen_m3,monto_usd
2020,BAHAMAS,72570.8,11811586.9
2020,BRASIL,72902.3,19086772.0
2020,CHILE,124618.6,28210485.0
2020,DINAMARCA,74924.0,16644797.0
2020,ESTADOS UNIDOS,523550.3,106907105.4
2020,HOLANDA,82681.5,19575865.6
2020,SIN PAIS (no aplica),97111.8,23836802.7
2021,BRASIL,112889.8,51543986.3
2021,CHILE,133953.4,62999818.5
2021,ESTADOS UNIDOS,1146991.5,498135052.3
2021,HOLANDA,38293.7,10820818.2
2021,SIN PAIS (no aplica),201091.3,83147209.8
2022,BRASIL,830249.4,465310954.7
2022,CHILE,131870.0,71107066.0
2022,ESTADOS UNIDOS,2582333.5,1540986703.0
2022,GRAN BRETAÑA,69899.6,30694430.5
2022,HOLANDA,78290.0,43663171.0
2022,ITALIA,114838.7,61898572.8
2022,PERU,74932.0,41078000.0
2022,SIN PAIS (no aplica),266835.0,158958736.3
2022,SINGAPUR,19526.9,13126857.6
2022,VARIOS,26863.4,14596259.0
2023,BRASIL,1207309.4,554462573.5
2023,CHILE,1179461.4,591692387.7
2023,COLOMBIA,28359.2,14079187.6
2023,ESTADOS UNIDOS,1962488.5,926632181.2
2023,PERU,472588.1,225822657.1
2023,SIN PAIS (no aplica),294079.2,147532474.5
2023,URUGUAY,36844.7,17819400.8
2023,VARIOS,75341.6,36577780.8
2024,AUSTRALIA,92108.2,38916824.0
2024,BRASIL,476180.1,237599441.4
2024,CHILE,3114334.5,1507982503.7
2024,ESTADOS UNIDOS,2503263.8,1165211242.9
2024,ISLAS VIRGENES (UK),79220.0,38831234.0
2024,PANAMA,24988.0,12865995.0
2024,PERU,166868.9,82533697.4
2024,SIN PAIS (no aplica),323521.0,157163608.0
2024,URUGUAY,149002.4,68553114.5
2024,VARIOS,35091.6,17581752.2
2025,AUSTRALIA,265139.8,103793226.0
2025,CHILE,3752508.0,1583685820.6
2025,CHINA,214066.0,87179405.0
2025,ESTADOS UNIDOS,5844602.7,2318108783.6
2025,INDIA,176922.1,75779729.9
2025,PERU,89952.0,37907334.0
2025,SIN PAIS (no aplica),581637.8,245397269.2
2025,URUGUAY,188340.6,84165248.0
2026,AUSTRALIA,653562.4,318733260.0
2026,BRASIL,112900.8,57108324.1
2026,CHILE,2190507.2,1182386972.0
2026,CHINA,240350.0,156140398.2
2026,ESTADOS UNIDOS,3528777.5,1782192451.0
2026,ITALIA,33137.7,17618657.7
2026,KOREA DEL SUR,29558.4,14757240.0
2026,MALAYSIA,343531.4,142362169.6
2026,PERU,108827.1,64792457.7
2026,SIN PAIS (no aplica),575503.7,325374771.2
2026,SINGAPUR,140272.1,71676794.8
2026,TAILANDIA,721363.7,407487018.1
2026,URUGUAY,438809.2,216520873.9
2026,VIETNAM,55758.0,35884702.0
