fecha,estado,exportacion_bbl_dia,prod_vm_bbl_dia,prod_cuenca_bbl_dia,pct_exportado_cuenca,exportacion_ma12_bbl_dia,prod_vm_ma12_bbl_dia,prod_cuenca_ma12_bbl_dia,idx_exportacion_ma12_base2022,idx_produccion_vm_ma12_base2022,idx_produccion_cuenca_ma12_base2022
2020-01-01,sin_exportacion_declarada,0.0,111963.33,251905.052,0.0,,,,,,
2020-02-01,sin_exportacion_declarada,0.0,118265.173,256997.115,0.0,,,,,,
2020-03-01,sin_exportacion_declarada,0.0,122754.522,257569.904,0.0,,,,,,
2020-04-01,sin_exportacion_declarada,0.0,91566.868,209748.201,0.0,,,,,,
2020-05-01,con_exportacion,34465.229,93153.223,206671.312,16.676,,,,,,
2020-06-01,con_exportacion,34132.845,116555.04,235829.201,14.474,,,,,,
2020-07-01,con_exportacion,61514.524,116801.765,237036.144,25.952,,,,,,
2020-08-01,con_exportacion,54653.807,117364.118,239204.579,22.848,,,,,,
2020-09-01,con_exportacion,15504.481,111081.775,230985.509,6.712,,,,,,
2020-10-01,sin_exportacion_declarada,0.0,115397.198,232586.577,0.0,,,,,,
2020-11-01,con_exportacion,14507.004,118495.925,235290.692,6.166,,,,,,
2020-12-01,sin_exportacion_declarada,0.0,123923.003,238517.164,0.0,17898.158,113110.162,236028.454,24.755,46.502,67.009
2021-01-01,con_exportacion,27340.651,133070.487,247511.883,11.046,20176.545,114869.092,235662.357,27.906,47.225,66.905
2021-02-01,sin_exportacion_declarada,0.0,137506.47,253782.851,0.0,20176.545,116472.533,235394.501,27.906,47.884,66.829
2021-03-01,con_exportacion,21124.328,144293.823,261115.119,8.09,21936.906,118267.475,235689.936,30.341,48.622,66.913
2021-04-01,con_exportacion,11517.462,147265.268,263337.221,4.374,22896.694,122909.008,240155.688,31.669,50.53,68.181
2021-05-01,con_exportacion,15282.532,147564.251,264117.068,5.786,21298.136,127443.26,244942.834,29.458,52.395,69.54
2021-06-01,con_exportacion,45034.438,151925.452,267920.195,16.809,22206.602,130390.795,247617.083,30.714,53.606,70.299
2021-07-01,con_exportacion,15912.991,161321.167,279593.165,5.691,18406.474,134100.745,251163.502,25.458,55.132,71.306
2021-08-01,con_exportacion,43853.587,157855.773,275002.56,15.947,17506.456,137475.049,254146.667,24.213,56.519,72.153
2021-09-01,con_exportacion,28255.126,174003.818,288389.724,9.798,18569.01,142718.553,258930.352,25.683,58.675,73.511
2021-10-01,con_exportacion,45763.119,190224.152,305105.83,14.999,22382.603,148954.132,264973.623,30.958,61.238,75.226
2021-11-01,con_exportacion,16948.076,198026.401,313505.347,5.406,22586.026,155581.672,271491.511,31.239,63.963,77.077
2021-12-01,con_exportacion,63625.121,206520.537,320402.599,19.858,27888.119,162464.8,278315.297,38.572,66.793,79.014
2022-01-01,con_exportacion,44754.824,217886.058,330869.99,13.526,29339.3,169532.764,285261.806,40.58,69.698,80.986
2022-02-01,con_exportacion,52418.698,216878.898,327834.647,15.989,33707.525,176147.133,291432.789,46.621,72.418,82.738
2022-03-01,con_exportacion,74740.847,222159.115,333025.48,22.443,38175.568,182635.907,297425.319,52.801,75.085,84.44
2022-04-01,con_exportacion,54799.264,229207.799,338835.09,16.173,41782.385,189464.452,303716.808,57.79,77.893,86.226
2022-05-01,con_exportacion,45969.679,234983.902,344597.026,13.34,44339.647,196749.423,310423.471,61.327,80.888,88.13
2022-06-01,con_exportacion,61797.09,233044.226,342220.727,18.058,45736.535,203509.32,316615.182,63.259,83.667,89.888
2022-07-01,con_exportacion,34065.638,241045.563,349702.314,9.741,47249.256,210153.02,322457.611,65.351,86.398,91.546
2022-08-01,con_exportacion,71274.305,245205.571,354168.929,20.124,49534.316,217432.17,329054.809,68.512,89.391,93.419
2022-09-01,con_exportacion,92359.337,258830.6,365611.234,25.262,54876.333,224501.068,335489.934,75.9,92.297,95.246
2022-10-01,con_exportacion,153110.29,269814.375,377512.011,40.558,63821.931,231133.587,341523.783,88.273,95.024,96.959
2022-11-01,con_exportacion,93565.813,270779.971,377476.8,24.787,70206.742,237196.384,346854.737,97.104,97.516,98.473
2022-12-01,con_exportacion,87257.259,277071.729,383089.51,22.777,72176.087,243075.65,352078.646,99.828,99.934,99.956
2023-01-01,con_exportacion,71741.362,285022.655,387569.853,18.511,74424.965,248670.367,356803.635,102.938,102.234,101.297
2023-02-01,con_exportacion,81143.11,293278.831,399987.559,20.286,76818.666,255037.028,362816.378,106.249,104.851,103.004
2023-03-01,con_exportacion,84428.218,300881.057,407284.461,20.73,77625.947,261597.19,369004.626,107.366,107.548,104.761
2023-04-01,con_exportacion,85948.69,295891.474,403318.0,21.31,80221.733,267154.163,374378.202,110.956,109.833,106.287
2023-05-01,con_exportacion,77797.516,296422.469,402059.271,19.35,82874.052,272274.043,379166.722,114.624,111.938,107.646
2023-06-01,con_exportacion,88341.919,290820.129,395273.463,22.35,85086.121,277088.702,383587.784,117.684,113.917,108.901
2023-07-01,con_exportacion,86706.257,291120.658,394301.327,21.99,89472.84,281261.627,387304.368,123.751,115.633,109.956
2023-08-01,con_exportacion,129209.361,297262.44,401646.709,32.17,94300.761,285599.699,391260.85,130.429,117.416,111.08
2023-09-01,con_exportacion,110895.963,305182.774,410880.88,26.99,95845.48,289462.38,395033.32,132.565,119.004,112.151
2023-10-01,con_exportacion,104831.598,323601.261,427538.284,24.52,91822.255,293944.621,399202.176,127.001,120.847,113.334
2023-11-01,con_exportacion,85626.011,339635.194,442065.807,19.37,91160.605,299682.556,404584.594,126.086,123.206,114.862
2023-12-01,con_exportacion,79665.499,352159.278,455007.258,17.509,90527.959,305939.852,410577.739,125.21,125.778,116.564
2024-01-01,con_exportacion,76292.146,345720.132,447804.261,17.037,90907.191,310997.975,415597.273,125.735,127.858,117.989
2024-02-01,con_exportacion,101474.124,353100.504,452240.163,22.438,92601.442,315983.114,419951.657,128.078,129.907,119.225
2024-03-01,con_exportacion,83017.301,360752.394,460373.943,18.033,92483.865,320972.392,424375.78,127.916,131.958,120.481
2024-04-01,con_exportacion,126544.303,363431.59,462982.535,27.332,95866.833,326600.735,429347.825,132.595,134.272,121.893
2024-05-01,con_exportacion,113588.395,366464.763,466338.764,24.357,98849.406,332437.593,434704.45,136.72,136.672,123.413
2024-06-01,con_exportacion,101632.123,373454.04,473412.897,21.468,99956.923,339323.752,441216.069,138.252,139.503,125.262
2024-07-01,con_exportacion,119546.788,386195.384,484830.286,24.657,102693.634,347246.646,448760.149,142.037,142.76,127.404
2024-08-01,con_exportacion,110416.617,402693.449,503521.925,21.929,101127.572,356032.564,457249.75,139.871,146.372,129.814
2024-09-01,con_exportacion,171062.813,385734.794,519763.858,32.912,106141.476,362745.232,466323.332,146.806,149.132,132.39
2024-10-01,con_exportacion,138210.991,421825.656,520448.236,26.556,108923.093,370930.598,474065.828,150.653,152.497,134.588
2024-11-01,con_exportacion,158024.067,437645.153,535085.422,29.532,114956.264,379098.095,481817.462,158.998,155.855,136.789
2024-12-01,con_exportacion,137803.782,447804.619,543070.852,25.375,119801.121,387068.54,489156.095,165.699,159.132,138.872
2025-01-01,con_exportacion,144819.875,442740.735,537589.459,26.939,125511.765,395153.59,496638.195,173.597,162.456,140.996
2025-02-01,con_exportacion,145325.755,443507.099,536609.323,27.082,129166.068,402687.473,503668.958,178.651,165.553,142.992
2025-03-01,con_exportacion,151668.796,446563.553,539597.164,28.108,134887.025,409838.403,510270.894,186.564,168.493,144.867
2025-04-01,con_exportacion,180295.246,441952.491,535134.658,33.692,139366.271,416381.811,516283.57,192.759,171.183,146.574
2025-05-01,con_exportacion,191990.885,448204.361,540449.242,35.524,145899.812,423193.445,522459.444,201.796,173.984,148.327
2025-06-01,con_exportacion,183573.949,476492.994,567971.734,32.321,152728.297,431780.024,530339.347,211.241,177.514,150.564
2025-07-01,con_exportacion,208982.888,508973.255,599183.396,34.878,160181.306,442011.513,539868.772,221.549,181.72,153.27
2025-08-01,con_exportacion,157809.395,526934.61,615846.934,25.625,164130.704,452364.943,549229.19,227.011,185.977,155.927
2025-09-01,con_exportacion,240544.068,547109.798,635989.782,37.822,169920.808,465812.86,558914.684,235.02,191.505,158.677
2025-10-01,con_exportacion,207903.918,568672.539,655577.379,31.713,175728.552,478050.101,570175.446,243.053,196.536,161.874
2025-11-01,con_exportacion,234097.941,577033.185,661535.566,35.387,182068.042,489665.77,580712.957,251.821,201.312,164.865
2025-12-01,con_exportacion,248925.965,590754.602,675539.768,36.848,191328.223,501578.269,591752.034,264.629,206.209,167.999
