fecha,estado,prod_vm_bbl_dia,prod_cuenca_bbl_dia,exportacion_terminales_bbl_dia,pct_exportado_cuenca,pct_exportado_vm,exportacion_oleoducto_chile_bbl_dia,pct_exportado_cuenca_con_oleoducto,prod_vm_ma12_bbl_dia,prod_cuenca_ma12_bbl_dia,exportacion_terminales_ma12_bbl_dia,pct_exportado_cuenca_ma12,pct_exportado_vm_ma12,idx_produccion_vm_ma12_base2022,idx_produccion_cuenca_ma12_base2022,idx_exportacion_terminales_ma12_base2022
2019-01-01,sin_exportacion_reportada,77582.173,,0.0,,0.0,,,,,,,,,,
2019-02-01,con_exportacion,76963.504,,17473.064,,22.703,,,,,,,,,,
2019-03-01,sin_exportacion_reportada,72469.971,,0.0,,0.0,,,,,,,,,,
2019-04-01,sin_exportacion_reportada,81842.286,,0.0,,0.0,,,,,,,,,,
2019-05-01,sin_exportacion_reportada,84120.61,,0.0,,0.0,,,,,,,,,,
2019-06-01,con_exportacion,81717.56,,3149.513,,3.854,,,,,,,,,,
2019-07-01,sin_exportacion_reportada,86573.866,,0.0,,0.0,,,,,,,,,,
2019-08-01,sin_exportacion_reportada,100579.983,,0.0,,0.0,,,,,,,,,,
2019-09-01,sin_exportacion_reportada,101574.876,,0.0,,0.0,,,,,,,,,,
2019-10-01,sin_exportacion_reportada,101682.949,,0.0,,0.0,,,,,,,,,,
2019-11-01,sin_exportacion_reportada,104306.822,,0.0,,0.0,,,,,,,,,,
2019-12-01,sin_exportacion_reportada,110757.842,,0.0,,0.0,,,90014.37,,1718.548,,1.909,37.007,,2.348
2020-01-01,sin_exportacion_reportada,111963.33,,0.0,,0.0,,,92879.467,,1718.548,,1.85,38.185,,2.348
2020-02-01,sin_exportacion_reportada,118265.173,,0.0,,0.0,,,96321.272,,262.459,,0.272,39.6,,0.359
2020-03-01,sin_exportacion_reportada,122754.522,,0.0,,0.0,,,100511.652,,262.459,,0.261,41.322,,0.359
2020-04-01,sin_exportacion_reportada,91566.868,,0.0,,0.0,,,101322.033,,262.459,,0.259,41.656,,0.359
2020-05-01,con_exportacion,93153.223,,39768.579,,42.692,,,102074.751,,3576.508,,3.504,41.965,,4.886
2020-06-01,con_exportacion,116555.04,,34131.6,,29.284,,,104977.875,,6158.348,,5.866,43.159,,8.413
2020-07-01,con_exportacion,116801.765,,51620.591,,44.195,,,107496.866,,10460.064,,9.731,44.194,,14.289
2020-08-01,con_exportacion,117364.118,,65524.905,,55.83,,,108895.544,,15920.473,,14.62,44.769,,21.749
2020-09-01,con_exportacion,111081.775,,15714.017,,14.146,,,109687.786,,17229.974,,15.708,45.095,,23.538
2020-10-01,sin_exportacion_reportada,115397.198,,0.0,,0.0,,,110830.64,,17229.974,,15.546,45.565,,23.538
2020-11-01,con_exportacion,118495.925,,14506.166,,12.242,,,112013.065,,18438.821,,16.461,46.051,,25.189
2020-12-01,sin_exportacion_reportada,123923.003,,0.0,,0.0,,,113110.162,,18438.821,,16.302,46.502,,25.189
2021-01-01,con_exportacion,133070.487,,27339.245,,20.545,,,114869.092,,20717.092,,18.035,47.225,,28.302
2021-02-01,sin_exportacion_reportada,137506.47,,0.0,,0.0,,,116472.533,,20717.092,,17.787,47.884,,28.302
2021-03-01,con_exportacion,144293.823,,21124.262,,14.64,,,118267.475,,22477.447,,19.006,48.622,,30.706
2021-04-01,con_exportacion,147265.268,,12559.124,,8.528,,,122909.008,,23524.041,,19.139,50.53,,32.136
2021-05-01,con_exportacion,147564.251,,15357.346,,10.407,,,127443.26,,21489.771,,16.862,52.395,,29.357
2021-06-01,con_exportacion,151925.452,,46241.426,,30.437,,,130390.795,,22498.923,,17.255,53.606,,30.736
2021-07-01,con_exportacion,161321.167,,15912.126,,9.864,,,134100.745,,19523.218,,14.559,55.132,,26.671
2021-08-01,con_exportacion,157855.773,,43842.068,,27.773,,,137475.049,,17716.315,,12.887,56.519,,24.202
2021-09-01,con_exportacion,174003.818,,28249.918,,16.235,,,142718.553,,18760.973,,13.145,58.675,,25.629
2021-10-01,con_exportacion,190224.152,,46002.968,,24.184,,,148954.132,,22594.554,,15.169,61.238,,30.866
2021-11-01,con_exportacion,198026.401,,16943.854,,8.556,,,155581.672,,22797.695,,14.653,63.963,,31.144
2021-12-01,con_exportacion,206520.537,,63614.927,,30.803,,,162464.8,,28098.939,,17.295,66.793,,38.386
2022-01-01,con_exportacion,217886.058,330869.988,46016.445,13.908,21.119,,,169532.764,,29655.372,,17.492,69.698,,40.512
2022-02-01,con_exportacion,216878.898,327834.645,52399.25,15.983,24.161,,,176147.133,,34021.976,,19.315,72.418,,46.477
2022-03-01,con_exportacion,222159.115,333025.479,75746.957,22.745,34.096,,,182635.907,,38573.867,,21.121,75.085,,52.696
2022-04-01,con_exportacion,229207.799,338835.089,54792.919,16.171,23.905,,,189464.452,,42093.35,,22.217,77.893,,57.504
2022-05-01,con_exportacion,234983.902,344597.026,47583.23,13.808,20.25,,,196749.423,,44778.841,,22.759,80.888,,61.172
2022-06-01,con_exportacion,233044.226,342220.726,61615.253,18.005,26.439,,,203509.32,,46059.993,,22.633,83.667,,62.922
2022-07-01,con_exportacion,241045.563,349702.313,35857.258,10.254,14.876,,,210153.02,,47722.087,,22.708,86.398,,65.193
2022-08-01,con_exportacion,245205.571,354168.928,71913.666,20.305,29.328,,,217432.17,,50061.387,,23.024,89.391,,68.389
2022-09-01,con_exportacion,258830.6,365611.233,93602.451,25.602,36.164,,,224501.068,,55507.432,,24.725,92.297,,75.828
2022-10-01,con_exportacion,269814.375,377512.01,153686.567,40.71,56.96,,,231133.587,,64481.065,,27.898,95.024,,88.087
2022-11-01,con_exportacion,270779.971,377476.799,94279.928,24.976,34.818,,,237196.384,,70925.738,,29.902,97.516,,96.891
2022-12-01,con_exportacion,277071.729,383089.509,89279.035,23.305,32.222,,,243075.65,352078.645,73064.413,20.752,30.058,99.934,99.956,99.813
2023-01-01,con_exportacion,285022.655,387569.851,58720.367,15.151,20.602,,,248670.367,356803.634,74123.073,20.774,29.808,102.234,101.297,101.259
2023-02-01,con_exportacion,293278.831,399987.558,98562.987,24.642,33.607,,,255037.028,362816.377,77970.052,21.49,30.572,104.851,103.004,106.515
2023-03-01,con_exportacion,300881.057,407284.46,89461.815,21.965,29.733,,,261597.19,369004.625,79112.956,21.44,30.242,107.548,104.761,108.076
2023-04-01,con_exportacion,295891.474,403317.998,93164.064,23.099,31.486,,,267154.163,374378.201,82310.552,21.986,30.81,109.833,106.287,112.444
2023-05-01,con_exportacion,296422.469,402059.27,76474.161,19.021,25.799,10694.659,21.681,272274.043,379166.721,84718.129,22.343,31.115,111.938,107.646,115.733
2023-06-01,con_exportacion,290820.129,395273.462,62957.65,15.928,21.648,27949.095,22.998,277088.702,383587.783,84829.996,22.115,30.615,113.917,108.901,115.886
2023-07-01,con_exportacion,291120.658,394301.326,54444.079,13.808,18.702,34074.066,22.449,281261.627,387304.367,86378.897,22.303,30.711,115.633,109.956,118.002
2023-08-01,con_exportacion,297262.44,401646.707,92554.437,23.044,31.136,42635.571,33.659,285599.699,391260.849,88098.962,22.517,30.847,117.416,111.08,120.352
2023-09-01,con_exportacion,305182.774,410880.879,83457.874,20.312,27.347,41425.682,30.394,289462.38,395033.319,87253.58,22.088,30.143,119.004,112.151,119.197
2023-10-01,con_exportacion,323601.261,427538.283,108427.62,25.361,33.507,41400.198,35.044,293944.621,399202.175,83482.001,20.912,28.401,120.847,113.334,114.044
2023-11-01,con_exportacion,339635.194,442065.806,66474.881,15.037,19.572,40863.427,24.281,299682.556,404584.592,81164.914,20.061,27.084,123.206,114.862,110.879
2023-12-01,con_exportacion,352159.278,455007.257,71187.035,15.645,20.214,41431.231,24.751,305939.852,410577.738,79657.247,19.401,26.037,125.778,116.564,108.819
2024-01-01,con_exportacion,345720.132,447804.26,51524.771,11.506,14.904,44427.055,21.427,310997.975,415597.272,79057.614,19.023,25.421,127.858,117.989,108.0
2024-02-01,con_exportacion,353100.504,452240.162,82827.765,18.315,23.457,49778.54,29.322,315983.114,419951.656,77746.346,18.513,24.605,129.907,119.225,106.209
2024-03-01,con_exportacion,360752.394,460373.942,97141.859,21.101,26.928,51658.307,32.322,320972.392,424375.779,78386.349,18.471,24.422,131.958,120.481,107.083
2024-04-01,con_exportacion,363431.59,462982.534,103945.587,22.451,28.601,60056.9,35.423,326600.735,429347.824,79284.81,18.466,24.276,134.272,121.893,108.311
2024-05-01,con_exportacion,366464.763,466338.764,94078.693,20.174,25.672,57494.387,32.503,332437.593,434704.448,80751.854,18.576,24.291,136.672,123.413,110.315
2024-06-01,con_exportacion,373454.04,473412.896,68421.704,14.453,18.321,72220.721,29.708,339323.752,441216.068,81207.192,18.405,23.932,139.503,125.262,110.937
2024-07-01,con_exportacion,386195.384,484830.285,75041.708,15.478,19.431,82869.78,32.57,347246.646,448760.148,82923.661,18.478,23.88,142.76,127.404,113.282
2024-08-01,con_exportacion,402693.449,503521.924,87352.489,17.348,21.692,79714.569,33.18,356032.564,457249.749,82490.165,18.041,23.169,146.372,129.814,112.689
2024-09-01,con_exportacion,385734.794,486651.546,108901.174,22.378,28.232,94348.462,41.765,362745.232,463563.971,84610.44,18.252,23.325,149.132,131.607,115.586
2024-10-01,con_exportacion,421825.656,520448.234,91964.553,17.67,21.802,81711.121,33.37,370930.598,471306.467,83238.518,17.661,22.44,152.497,133.805,113.712
2024-11-01,con_exportacion,437645.153,535085.421,122692.04,22.929,28.035,87566.513,39.294,379098.095,479058.102,87923.281,18.353,23.193,155.855,136.005,120.112
2024-12-01,con_exportacion,447804.619,543070.851,82684.772,15.225,18.464,89996.846,31.797,387068.54,486396.735,88881.426,18.273,22.963,159.132,138.089,121.421
2025-01-01,con_exportacion,442740.735,537589.458,112199.067,20.871,25.342,94992.211,38.541,395153.59,493878.835,93937.618,19.02,23.772,162.456,140.213,128.328
2025-02-01,con_exportacion,443507.099,536609.321,110705.246,20.631,24.961,90707.949,37.534,402687.473,500909.598,96260.741,19.217,23.905,165.553,142.209,131.501
2025-03-01,con_exportacion,446563.553,539597.164,118368.064,21.936,26.506,82939.253,37.307,409838.403,507511.533,98029.591,19.316,23.919,168.493,144.083,133.918
2025-04-01,con_exportacion,441952.491,535134.657,111805.127,20.893,25.298,82426.886,36.296,416381.811,513524.21,98684.553,19.217,23.7,171.183,145.79,134.813
2025-05-01,con_exportacion,448204.361,540449.241,156388.229,28.937,34.892,75351.237,42.879,423193.445,519700.083,103877.014,19.988,24.546,173.984,147.544,141.906
2025-06-01,con_exportacion,476492.994,567971.733,138311.386,24.352,29.027,72693.92,37.151,431780.024,527579.986,109701.155,20.793,25.407,177.514,149.781,149.862
2025-07-01,con_exportacion,508973.255,599183.395,188539.94,31.466,37.043,87040.609,45.993,442011.513,537109.412,119159.341,22.185,26.958,181.72,152.486,162.783
2025-08-01,con_exportacion,526934.61,615846.934,133298.501,21.645,25.297,84828.6,35.419,452364.943,546469.83,122988.175,22.506,27.188,185.977,155.144,168.014
2025-09-01,con_exportacion,547109.798,635989.781,228296.335,35.896,41.728,75027.65,47.693,465812.86,558914.682,132937.772,23.785,28.539,191.505,158.677,181.606
2025-10-01,con_exportacion,568672.539,655577.379,191381.257,29.193,33.654,57736.411,38.0,478050.101,570175.445,141222.497,24.768,29.541,196.536,161.874,192.923
2025-11-01,con_exportacion,577033.185,661535.564,227144.256,34.336,39.364,88784.539,47.757,489665.77,580712.956,149926.848,25.818,30.618,201.312,164.865,204.814
2025-12-01,con_exportacion,590754.602,675533.895,273443.305,40.478,46.287,68452.103,50.611,501578.269,591751.543,165823.393,28.022,33.06,206.209,167.999,226.531
