idducto_logico,idducto,denominacion_ducto,anio,motivo_capacidad_dudosa,capacidad_operativa_m3_dia,capacidad_disenio_m3_dia,capacidad_empleada_m3_dia,mueve_petroleo
42,42,Montecristo - San Lorenzo (P),2019,R3,256.0,256.0,105.0,False
42,42,Montecristo - San Lorenzo (P),2020,"R1,R3",256.0,256.0,64.0,False
42,42,Montecristo - San Lorenzo (P),2021,R1,6144.0,6144.0,1536.0,False
44,44,Junín - La Matanza (P),2025,R3,6000.0,6000.0,0.0,False
67,67,CERRO DRAGON - CALETA CORDOVA 16,2021,R3,21500.0,13300.0,1500.0,True
67,67,CERRO DRAGON - CALETA CORDOVA 16,2022,R3,21500.0,13300.0,1500.0,True
67,67,CERRO DRAGON - CALETA CORDOVA 16,2023,R3,21500.0,13300.0,1500.0,True
67,67,CERRO DRAGON - CALETA CORDOVA 16,2024,R3,21500.0,13300.0,1500.0,True
67,67,CERRO DRAGON - CALETA CORDOVA 16,2026,R3,21500.0,13300.0,1500.0,True
75,75,Chango Norte - Balbuena ,2021,R3,537.6,672.0,6.88,True
75,75,Chango Norte - Balbuena ,2022,R3,537.6,672.0,8.03,True
90,90, Loma La Lata - Bahía Blanca,2022,R4,9124.12,9930.0,9242.2,False
90,90, Loma La Lata - Bahía Blanca,2024,R4,9186.13,9930.0,9560.69,False
108,108,Confluencia Sur - Aguas del Carrizo ,2020,R5,1680.0,2500.0,1008.0,True
108,108,Confluencia Sur - Aguas del Carrizo ,2021,R5,1680.0,2500.0,1017.0,True
149,149,Brandsen - Campana,2026,R3,2500.0,2500.0,636.7,True
182,182,Campo Durán  - Montecristo,2020,R5,5812.0,10560.0,2874.0,False
221,221,Centenario - Allen L10,2019,R3,3286.0,8606.0,2441.0,True
221,221,Centenario - Allen L10,2020,R3,4253.0,8606.0,1946.0,True
221,221,Centenario - Allen L10,2021,R3,3401.0,8606.0,1655.0,True
221,221,Centenario - Allen L10,2022,R3,3400.0,8606.0,1806.0,True
221,221,Centenario - Allen L10,2023,R3,3078.0,4800.0,2194.0,True
252,252,Cerro Bayo- Puesto Hernandez ,2021,R1,6982.0,10000.0,619.0,True
252,252,Cerro Bayo- Puesto Hernandez ,2022,R1,958.0,10000.0,495.0,True
291,291,Loma Campana - Lago Pellegrini,2022,R3,21250.0,25000.0,8826.0,True
291,291,Loma Campana - Lago Pellegrini,2023,R3,25000.0,25000.0,9749.0,True
333,333,Derivación Aguaray,2022,R5,1625.0,2640.0,735.0,True
374,374,BANDURRIA CENTRO - LOMA CAMPANA,2021,R3,2500.0,2500.0,636.8,True
374,374,BANDURRIA CENTRO - LOMA CAMPANA,2024,R3,2500.0,2500.0,636.7,True
380,380,Campo Durán - Banda Rio Sali,2021,R5,1235.0,3840.0,554.0,False
380,380,Campo Durán - Banda Rio Sali,2022,R5,740.0,3840.0,391.0,False
399,399,LINDERO ATRAVESADO - CENTENARIO 10,2026,R3,1800.0,1800.0,1087.0,True
487,487,Andina [CD-Pocitos],2022,R5,1487.0,2400.0,1487.0,False
487,487,Andina [CD-Pocitos],2023,R5,1487.13,2400.0,982.81,False
489,489,PTC CS a ULACT CS,2023,R3,2304.0,2880.0,494.28,True
489,489,PTC CS a ULACT CS,2024,R3,2304.0,2880.0,537.8,True
500,500,Sierras blancas - Allen,2022,R5,6602.0,19873.0,4678.0,True
516,516,Oleoducto de 16 pulgadas REFINERIA - POSTA 3,2024,R5,24000.0,26400.0,4800.0,True
516,516,Oleoducto de 16 pulgadas REFINERIA - POSTA 3,2025,R5,24000.0,26400.0,5980.0,True
539,539,Vaca Muerta Oleoducto Centro (VMOC),2025,D2,25349.0,35000.0,17399.0,True
