anio,pais,volumen_m3
2018,CHILE,140836.5
2018,ESTADOS UNIDOS,119610.6
2018,HOLANDA,39900.4
2019,CHILE,179261.6
2019,ESTADOS UNIDOS,358212.0
2019,HOLANDA,265589.9
2020,BAHAMAS,72550.0
2020,BRASIL,74902.0
2020,CHILE,417146.3
2020,DINAMARCA,74890.0
2020,ESTADOS UNIDOS,718515.5
2020,HOLANDA,445874.13399999996
2021,BRASIL,137796.56699999998
2021,CHILE,138921.725
2021,ESTADOS UNIDOS,1360616.859
2021,HOLANDA,749446.031
2022,BRASIL,805142.627
2022,CHILE,148080.04499999998
2022,ESTADOS UNIDOS,2923149.075
2022,GRAN BRETAÑA,69864.375
2022,HOLANDA,603375.034
2022,ITALIA,157804.99099999998
2022,PERU,74931.641
2022,URUGUAY,76668.658
2023,BRASIL,1338015.321
2023,CHINA,68912.68299999999
2023,COLOMBIA,77880.22
2023,ESTADOS UNIDOS,2525847.267
2023,HOLANDA,420727.48099999997
2023,PERU,668619.682
2023,URUGUAY,76775.255
2024,AUSTRALIA,92108.165
2024,BRASIL,1151139.596
2024,CHILE,137665.702
2024,ESTADOS UNIDOS,3132385.147
2024,HOLANDA,331523.334
2024,PANAMA,107327.629
2024,PERU,421464.617
2024,URUGUAY,408842.18
2025,AUSTRALIA,458637.896
2025,BRASIL,442236.425
2025,CHINA,260438.452
2025,ESTADOS UNIDOS,7649637.749
2025,HOLANDA,539014.897
2025,INDIA,224907.981
2025,PERU,119912.465
2025,URUGUAY,644026.078
2026,AUSTRALIA,751342.345
2026,BOLIVIA,114139.957
2026,BRASIL,360148.859
2026,CHILE,38128.337
2026,CHINA,464708.143
2026,ESTADOS UNIDOS,3025776.743
2026,HOLANDA,149987.59
2026,MALAYSIA,343531.36
2026,PERU,78622.746
2026,SINGAPUR,139841.414
2026,TAILANDIA,1035439.314
2026,URUGUAY,649886.084
2026,VIETNAM,108078.474
