fecha,estado,operadores_con_filas,exportacion_m3,exportacion_terminales_bbl_dia,exportacion_oleoducto_chile_m3,exportacion_oleoducto_chile_bbl_dia
2019-01-01,sin_exportacion_reportada,1,0.0,0.0,,
2019-02-01,con_exportacion,1,77784.0,17473.064,,
2019-03-01,sin_exportacion_reportada,1,0.0,0.0,,
2019-04-01,sin_exportacion_reportada,1,0.0,0.0,,
2019-05-01,sin_exportacion_reportada,1,0.0,0.0,,
2019-06-01,con_exportacion,1,15022.0,3149.513,,
2019-07-01,sin_exportacion_reportada,1,0.0,0.0,,
2019-08-01,sin_exportacion_reportada,1,0.0,0.0,,
2019-09-01,sin_exportacion_reportada,1,0.0,0.0,,
2019-10-01,sin_exportacion_reportada,1,0.0,0.0,,
2019-11-01,sin_exportacion_reportada,1,0.0,0.0,,
2019-12-01,sin_exportacion_reportada,1,0.0,0.0,,
2020-01-01,sin_exportacion_reportada,1,0.0,0.0,,
2020-02-01,sin_exportacion_reportada,1,0.0,0.0,,
2020-03-01,sin_exportacion_reportada,1,0.0,0.0,,
2020-04-01,sin_exportacion_reportada,1,0.0,0.0,,
2020-05-01,con_exportacion,1,196004.0,39768.579,,
2020-06-01,con_exportacion,1,162795.0,34131.6,,
2020-07-01,con_exportacion,1,254418.0,51620.591,,
2020-08-01,con_exportacion,1,322947.0,65524.905,,
2020-09-01,con_exportacion,1,74950.0,15714.017,,
2020-10-01,sin_exportacion_reportada,1,0.0,0.0,,
2020-11-01,con_exportacion,1,69189.0,14506.166,,
2020-12-01,sin_exportacion_reportada,1,0.0,0.0,,
2021-01-01,con_exportacion,1,134744.6,27339.245,,
2021-02-01,sin_exportacion_reportada,1,0.0,0.0,,
2021-03-01,con_exportacion,1,104113.344,21124.262,,
2021-04-01,con_exportacion,1,59902.339,12559.124,,
2021-05-01,con_exportacion,1,75690.439,15357.346,,
2021-06-01,con_exportacion,1,220554.354,46241.426,,
2021-07-01,con_exportacion,1,78424.736,15912.126,,
2021-08-01,con_exportacion,1,216080.657,43842.068,,
2021-09-01,con_exportacion,1,134741.571,28249.918,,
2021-10-01,con_exportacion,1,226730.9,46002.968,,
2021-11-01,con_exportacion,1,80815.864,16943.854,,
2021-12-01,con_exportacion,1,313533.457,63614.927,,
2022-01-01,con_exportacion,1,226797.32,46016.445,,
2022-02-01,con_exportacion,1,233263.22,52399.25,,
2022-03-01,con_exportacion,1,373327.559,75746.957,,
2022-04-01,con_exportacion,1,261341.789,54792.919,,
2022-05-01,con_exportacion,1,234519.399,47583.23,,
2022-06-01,con_exportacion,1,293881.773,61615.253,,
2022-07-01,con_exportacion,1,176726.605,35857.258,,
2022-08-01,con_exportacion,1,354434.745,71913.666,,
2022-09-01,con_exportacion,1,446448.778,93602.451,,
2022-10-01,con_exportacion,1,757461.854,153686.567,,
2022-11-01,con_exportacion,1,449680.09,94279.928,,
2022-12-01,con_exportacion,1,440021.956,89279.035,,
2023-01-01,con_exportacion,1,289410.057,58720.367,,
2023-02-01,con_exportacion,1,438768.108,98562.987,,
2023-03-01,con_exportacion,1,440922.807,89461.815,,
2023-04-01,con_exportacion,1,444357.835,93164.064,,
2023-05-01,con_exportacion,1,376911.667,76474.161,52709.854,10694.659
2023-06-01,con_exportacion,1,300284.506,62957.65,133306.759,27949.095
2023-07-01,con_exportacion,1,268333.88,54444.079,167937.937,34074.066
2023-08-01,con_exportacion,1,456165.146,92554.437,210134.295,42635.571
2023-09-01,con_exportacion,1,398062.929,83457.874,197585.051,41425.682
2023-10-01,con_exportacion,1,534397.947,108427.62,204045.622,41400.198
2023-11-01,con_exportacion,1,317060.386,66474.881,194903.303,40863.427
2023-12-01,con_exportacion,1,350853.457,71187.035,204198.568,41431.231
2024-01-01,con_exportacion,1,253945.736,51524.771,218963.831,44427.055
2024-02-01,con_exportacion,1,381888.962,82827.765,229510.902,49778.54
2024-03-01,con_exportacion,1,478774.784,97141.859,254603.884,51658.307
2024-04-01,con_exportacion,1,495781.678,103945.587,286449.015,60056.9
2024-05-01,con_exportacion,1,463677.62,94078.693,283367.673,57494.387
2024-06-01,con_exportacion,1,326346.008,68421.704,344465.902,72220.721
2024-07-01,con_exportacion,1,369851.656,75041.708,408433.208,82869.78
2024-08-01,con_exportacion,2,430526.752,87352.489,392882.387,79714.569
2024-09-01,con_exportacion,2,519417.983,108901.174,450006.972,94348.462
2024-10-01,con_exportacion,2,453257.835,91964.553,402722.621,81711.121
2024-11-01,con_exportacion,2,585195.268,122692.04,417659.604,87566.513
2024-12-01,con_exportacion,2,407521.371,82684.772,443559.767,89996.846
2025-01-01,con_exportacion,2,552985.958,112199.067,468179.998,94992.211
2025-02-01,con_exportacion,2,492821.216,110705.246,403800.21,90707.949
2025-03-01,con_exportacion,2,583390.567,118368.064,408775.612,82939.253
2025-04-01,con_exportacion,2,533268.752,111805.127,393145.502,82426.886
2025-05-01,con_exportacion,2,770777.308,156388.229,371377.206,75351.237
2025-06-01,con_exportacion,2,659693.724,138311.386,346722.886,72693.92
2025-07-01,con_exportacion,2,929240.698,188539.94,428989.613,87040.609
2025-08-01,con_exportacion,2,656976.938,133298.501,418087.475,84828.6
2025-09-01,con_exportacion,2,1088888.369,228296.335,357853.908,75027.65
2025-10-01,con_exportacion,2,943244.453,191381.257,284560.515,57736.411
2025-11-01,con_exportacion,2,1083393.382,227144.256,423469.138,88784.539
2025-12-01,con_exportacion,2,1347696.659,273443.305,337374.034,68452.103
2026-01-01,con_exportacion,2,1054527.795,213960.288,358584.809,72755.701
2026-02-01,con_exportacion,2,925665.009,207937.42,373595.576,83922.909
2026-03-01,con_exportacion,1,1025427.365,208055.905,357920.329,72620.88
2026-04-01,con_exportacion,1,1185951.813,248646.657,337403.077,70739.929
2026-05-01,con_exportacion,1,1497422.369,303822.168,342960.69,69585.618
2026-06-01,con_exportacion,1,1234734.652,258874.467,353838.708,74185.824
