anio,operador_terminal,origen_crudo_proxy,volumen_total_m3,volumen_con_pais_m3,volumen_no_identificado_m3,pct_no_identificado
2018,COMPAÑÍA GENERAL DE COMBUSTIBLES S.A.,"Sin clasificar (producto 'Crudo MI', Punta Loyola)",300347.5,300347.5,0.0,0.0
2019,COMPAÑÍA GENERAL DE COMBUSTIBLES S.A.,"Sin clasificar (producto 'Crudo MI', Punta Loyola)",503953.5,503953.5,0.0,0.0
2019,Oiltanking EBYTEM S.A.,Cuenca Neuquina (proxy por terminal: Puerto Rosales),92806.0,92806.0,0.0,0.0
2019,TERMAP S.A.,Golfo San Jorge (proxy: crudo Escalante / Canadon Seco),2997506.0,0.0,2997506.0,100.0
2019,YPF S.A.,Sin clasificar (terminal Cruz del Sur),206304.0,206304.0,0.0,0.0
2020,COMPAÑÍA GENERAL DE COMBUSTIBLES S.A.,"Sin clasificar (producto 'Crudo MI', Punta Loyola)",521031.0,521031.0,0.0,0.0
2020,Oiltanking EBYTEM S.A.,Cuenca Neuquina (proxy por terminal: Puerto Rosales),1080303.0,1080303.0,0.0,0.0
2020,TERMAP S.A.,Golfo San Jorge (proxy: crudo Escalante / Canadon Seco),3272623.0,0.0,3272623.0,100.0
2020,TOTAL AUSTRAL S.A.,Austral (proxy: crudo Hidra / San Sebastian),94027.93,94027.93,0.0,0.0
2020,YPF S.A.,Sin clasificar (terminal Cruz del Sur),108516.0,108516.0,0.0,0.0
2021,COMPAÑÍA GENERAL DE COMBUSTIBLES S.A.,"Sin clasificar (producto 'Crudo MI', Punta Loyola)",379325.0,379325.0,0.0,0.0
2021,Oiltanking EBYTEM S.A.,Cuenca Neuquina (proxy por terminal: Puerto Rosales),1645332.26,1645332.26,0.0,0.0
2021,TERMAP S.A.,Golfo San Jorge (proxy: crudo Escalante / Canadon Seco),1990557.0,0.0,1990557.0,100.0
2021,TOTAL AUSTRAL S.A.,Austral (proxy: crudo Hidra / San Sebastian),145500.92,145500.92,0.0,0.0
2021,YPF S.A.,Sin clasificar (terminal Cruz del Sur),216623.0,216623.0,0.0,0.0
2022,COMPAÑÍA GENERAL DE COMBUSTIBLES S.A.,"Sin clasificar (producto 'Crudo MI', Punta Loyola)",362287.3,362287.3,0.0,0.0
2022,Oiltanking EBYTEM S.A.,Cuenca Neuquina (proxy por terminal: Puerto Rosales),4247905.09,4247905.09,0.0,0.0
2022,TERMAP S.A.,Golfo San Jorge (proxy: crudo Escalante / Canadon Seco),1806477.0,0.0,1806477.0,100.0
2022,TOTAL AUSTRAL S.A.,Austral (proxy: crudo Hidra / San Sebastian),229736.06,229736.06,0.0,0.0
2022,YPF S.A.,Sin clasificar (terminal Cruz del Sur),19088.0,19088.0,0.0,0.0
2023,COMPAÑÍA GENERAL DE COMBUSTIBLES S.A.,"Sin clasificar (producto 'Crudo MI', Punta Loyola)",339571.96,339571.96,0.0,0.0
2023,Oiltanking EBYTEM S.A.,Cuenca Neuquina (proxy por terminal: Puerto Rosales),4615528.72,4615528.72,0.0,0.0
2023,TERMAP S.A.,Golfo San Jorge (proxy: crudo Escalante / Canadon Seco),1582322.0,0.0,1582322.0,100.0
2023,TOTAL AUSTRAL S.A.,Austral (proxy: crudo Hidra / San Sebastian),221677.22,221677.22,0.0,0.0
2024,COMPAÑÍA GENERAL DE COMBUSTIBLES S.A.,"Sin clasificar (producto 'Crudo MI', Punta Loyola)",320921.83,320921.83,0.0,0.0
2024,Oiltanking EBYTEM S.A.,Cuenca Neuquina (proxy por terminal: Puerto Rosales),4777247.24,4777247.24,0.0,0.0
2024,Refineria Bahia Blanca SAU,"Cuenca Neuquina (proxy por terminal: Posta 3, Refineria Bahia Blanca)",388938.42,388938.42,0.0,0.0
2024,TERMAP S.A.,Golfo San Jorge (proxy: crudo Escalante / Canadon Seco),1626472.0,0.0,1626472.0,100.0
2024,TOTAL AUSTRAL S.A.,Austral (proxy: crudo Hidra / San Sebastian),295348.89,295348.89,0.0,0.0
2025,COMPAÑÍA GENERAL DE COMBUSTIBLES S.A.,"Sin clasificar (producto 'Crudo MI', Punta Loyola)",280309.44,280309.44,0.0,0.0
2025,Oiltanking EBYTEM S.A.,Cuenca Neuquina (proxy por terminal: Puerto Rosales),9355400.79,9355400.79,0.0,0.0
2025,Refineria Bahia Blanca SAU,"Cuenca Neuquina (proxy por terminal: Posta 3, Refineria Bahia Blanca)",286977.23,286977.23,0.0,0.0
2025,TERMAP S.A.,Golfo San Jorge (proxy: crudo Escalante / Canadon Seco),1487474.0,0.0,1487474.0,100.0
2025,TOTAL AUSTRAL S.A.,Austral (proxy: crudo Hidra / San Sebastian),416124.48,416124.48,0.0,0.0
2026,COMPAÑÍA GENERAL DE COMBUSTIBLES S.A.,"Sin clasificar (producto 'Crudo MI', Punta Loyola)",104586.05,104586.05,0.0,0.0
2026,Oiltanking EBYTEM S.A.,Cuenca Neuquina (proxy por terminal: Puerto Rosales),6923729.0,6923729.0,0.0,0.0
2026,Refineria Bahia Blanca SAU,"Cuenca Neuquina (proxy por terminal: Posta 3, Refineria Bahia Blanca)",0.0,0.0,0.0,
2026,TERMAP S.A.,Golfo San Jorge (proxy: crudo Escalante / Canadon Seco),281555.0,0.0,281555.0,100.0
2026,TOTAL AUSTRAL S.A.,Austral (proxy: crudo Hidra / San Sebastian),231316.31,231316.31,0.0,0.0
2018,TOTAL,Todas las terminales (planilla 21),300347.5,300347.5,0.0,0.0
2019,TOTAL,Todas las terminales (planilla 21),3800569.5,803063.5,2997506.0,78.87
2020,TOTAL,Todas las terminales (planilla 21),5076500.93,1803877.93,3272623.0,64.47
2021,TOTAL,Todas las terminales (planilla 21),4377338.18,2386781.18,1990557.0,45.47
2022,TOTAL,Todas las terminales (planilla 21),6665493.45,4859016.45,1806477.0,27.1
2023,TOTAL,Todas las terminales (planilla 21),6759099.91,5176777.91,1582322.0,23.41
2024,TOTAL,Todas las terminales (planilla 21),7408928.37,5782456.37,1626472.0,21.95
2025,TOTAL,Todas las terminales (planilla 21),11826285.94,10338811.94,1487474.0,12.58
2026,TOTAL,Todas las terminales (planilla 21),7541186.37,7259631.37,281555.0,3.73
