base,anio,serie,indice,meses_base
2021,2019,exportacion_terminales,5.64,12.0
2021,2020,exportacion_terminales,65.48,12.0
2021,2021,exportacion_terminales,100.0,12.0
2021,2022,exportacion_terminales,258.18,12.0
2021,2023,exportacion_terminales,280.52,12.0
2021,2024,exportacion_terminales,313.13,12.0
2021,2025,exportacion_terminales,586.04,12.0
2021,2019,produccion_vm,55.41,12.0
2021,2020,produccion_vm,69.57,12.0
2021,2021,produccion_vm,100.0,12.0
2021,2022,produccion_vm,149.58,12.0
2021,2023,produccion_vm,188.19,12.0
2021,2024,produccion_vm,238.13,12.0
2021,2025,produccion_vm,308.68,12.0
2021,2019,produccion_cuenca,,12.0
2021,2020,produccion_cuenca,,12.0
2021,2021,produccion_cuenca,,12.0
2021,2022,produccion_cuenca,,12.0
2021,2023,produccion_cuenca,,12.0
2021,2024,produccion_cuenca,,12.0
2021,2025,produccion_cuenca,,12.0
2022,2019,exportacion_terminales,2.18,12.0
2022,2020,exportacion_terminales,25.36,12.0
2022,2021,exportacion_terminales,38.73,12.0
2022,2022,exportacion_terminales,100.0,12.0
2022,2023,exportacion_terminales,108.65,12.0
2022,2024,exportacion_terminales,121.28,12.0
2022,2025,exportacion_terminales,226.99,12.0
2022,2019,produccion_vm,37.04,12.0
2022,2020,produccion_vm,46.51,12.0
2022,2021,produccion_vm,66.85,12.0
2022,2022,produccion_vm,100.0,12.0
2022,2023,produccion_vm,125.81,12.0
2022,2024,produccion_vm,159.19,12.0
2022,2025,produccion_vm,206.36,12.0
2022,2019,produccion_cuenca,,12.0
2022,2020,produccion_cuenca,,12.0
2022,2021,produccion_cuenca,,12.0
2022,2022,produccion_cuenca,100.0,12.0
2022,2023,produccion_cuenca,116.58,12.0
2022,2024,produccion_cuenca,138.13,12.0
2022,2025,produccion_cuenca,168.1,12.0
2023,2019,exportacion_terminales,2.01,12.0
2023,2020,exportacion_terminales,23.34,12.0
2023,2021,exportacion_terminales,35.65,12.0
2023,2022,exportacion_terminales,92.04,12.0
2023,2023,exportacion_terminales,100.0,12.0
2023,2024,exportacion_terminales,111.62,12.0
2023,2025,exportacion_terminales,208.91,12.0
2023,2019,produccion_vm,29.44,12.0
2023,2020,produccion_vm,36.97,12.0
2023,2021,produccion_vm,53.14,12.0
2023,2022,produccion_vm,79.48,12.0
2023,2023,produccion_vm,100.0,12.0
2023,2024,produccion_vm,126.53,12.0
2023,2025,produccion_vm,164.03,12.0
2023,2019,produccion_cuenca,,12.0
2023,2020,produccion_cuenca,,12.0
2023,2021,produccion_cuenca,,12.0
2023,2022,produccion_cuenca,85.78,12.0
2023,2023,produccion_cuenca,100.0,12.0
2023,2024,produccion_cuenca,118.49,12.0
2023,2025,produccion_cuenca,144.19,12.0
