anio_mes,indice_produccion,indice_exportacion
2018-01,46.1,5.37
2018-02,51.36,12.53
2018-03,53.78,
2018-04,55.2,12.6
2018-05,56.91,
2018-06,58.31,13.19
2018-07,59.64,12.7
2018-08,67.63,
2018-09,72.36,12.49
2018-10,74.22,12.57
2018-11,79.41,13.37
2018-12,82.31,
2019-01,86.19,82.2
2019-02,85.5,99.42
2019-03,80.51,144.48
2019-04,90.92,92.94
2019-05,93.45,70.04
2019-06,90.78,130.73
2019-07,96.18,118.97
2019-08,111.74,104.51
2019-09,112.84,73.2
2019-10,112.96,111.41
2019-11,115.88,94.47
2019-12,123.04,77.63
2020-01,124.38,52.29
2020-02,131.38,50.85
2020-03,136.37,75.54
2020-04,101.72,201.82
2020-05,103.49,259.85
2020-06,129.48,163.81
2020-07,129.76,228.19
2020-08,130.38,127.22
2020-09,123.4,130.62
2020-10,128.2,70.23
2020-11,131.64,172.75
2020-12,137.67,69.7
2021-01,147.83,108.84
2021-02,152.76,87.27
2021-03,160.3,90.03
2021-04,163.6,37.2
2021-05,163.93,183.54
2021-06,168.78,93.83
2021-07,179.22,99.96
2021-08,175.37,178.74
2021-09,193.31,58.68
2021-10,211.33,166.37
2021-11,219.99,63.43
2021-12,229.43,214.22
2022-01,242.06,129.94
2022-02,240.94,226.77
2022-03,246.8,169.99
2022-04,254.63,165.93
2022-05,261.05,76.32
2022-06,258.9,183.91
2022-07,267.79,72.44
2022-08,272.41,184.77
2022-09,287.54,240.66
2022-10,299.75,264.17
2022-11,300.82,209.91
2022-12,307.81,179.77
2023-01,316.64,114.68
2023-02,325.81,220.27
2023-03,334.26,212.89
2023-04,328.72,182.34
2023-05,329.31,177.78
2023-06,323.08,119.86
2023-07,323.42,164.87
2023-08,330.24,210.58
2023-09,339.04,139.34
2023-10,359.5,223.36
2023-11,377.31,167.75
2023-12,391.23,200.41
2024-01,384.07,133.42
2024-02,392.27,200.18
2024-03,400.77,223.97
2024-04,403.75,252.34
2024-05,407.12,186.39
2024-06,414.88,108.79
2024-07,429.04,234.79
2024-08,447.37,178.3
2024-09,428.53,192.37
2024-10,468.62,231.12
2024-11,486.19,241.34
2024-12,497.48,156.3
2025-01,491.86,236.09
2025-02,492.71,218.28
2025-03,496.1,306.4
2025-04,490.98,262.92
2025-05,497.93,252.47
2025-06,529.35,341.66
2025-07,565.44,321.38
2025-08,585.39,234.4
2025-09,607.8,349.32
2025-10,631.76,396.7
2025-11,641.05,376.9
2025-12,656.29,437.54
2026-01,,367.02
2026-02,,304.78
2026-03,,386.18
2026-04,,426.19
2026-05,,496.43
2026-06,,400.48
