anio,tipo_de_recurso,prod_pet_bbl
2006,NO CONVENCIONAL,20749.609914
2007,NO CONVENCIONAL,48456.914820599995
2008,NO CONVENCIONAL,45712.473807
2009,NO CONVENCIONAL,56801.3849172
2010,NO CONVENCIONAL,73414.828641
2011,NO CONVENCIONAL,379578.73734
2012,NO CONVENCIONAL,1030015.684513134
2013,NO CONVENCIONAL,2469592.036681836
2014,NO CONVENCIONAL,6038790.802364034
2015,NO CONVENCIONAL,8084743.707156838
2016,NO CONVENCIONAL,10762315.36297566
2017,NO CONVENCIONAL,13619033.686830118
2018,NO CONVENCIONAL,20752462.98197245
2019,NO CONVENCIONAL,32885013.624041907
2020,NO CONVENCIONAL,41402750.22728975
2021,NO CONVENCIONAL,59353165.21304202
2022,CONVENCIONAL,173589.8173918194
2022,NO CONVENCIONAL,88608052.85898562
2022,SIN RESERVORIO,0.0
2023,CONVENCIONAL,153304.0259028168
2023,NO CONVENCIONAL,111544954.75768054
2023,SIN RESERVORIO,0.0
2024,CONVENCIONAL,155348.8561545294
2024,NO CONVENCIONAL,141567681.37832183
2024,NO DISCRIMINADO,0.0
2024,SIN RESERVORIO,0.0
2025,CONVENCIONAL,137621.00697708252
2025,NO CONVENCIONAL,183076385.12970948
2025,NO DISCRIMINADO,0.0
2025,SIN RESERVORIO,0.0
