areayacimiento,produccion_bbl_dia,rank
BAJADA DEL PALO OESTE,31386.5,1
LOMA CAMPANA-LLL,22185.7,2
LA AMARGA CHICA,21575.8,3
BANDURRIA SUR,12997.8,4
LOMA CAMPANA,9533.2,5
LOMA COLORADA,8440.1,6
EL TRAPIAL ESTE,7547.7,7
LA CALERA,7443.0,8
BAJADA DEL PALO ESTE,6231.4,9
CRUZ DE LORENA,6135.0,10
LA ANGOSTURA SUR I,4202.8,11
LINDERO ATRAVESADO OCCIDENTAL,4154.4,12
COIRON AMARGO SUR OESTE,4140.3,13
SIERRAS BLANCAS,3459.0,14
CONFLUENCIA NORTE,3126.8,15
BAJO DEL CHOIQUE,2852.9,16
PUESTO PARADA NC,2307.0,17
FORTIN DE PIEDRA,2180.4,18
COIRON AMARGO SUR ESTE,2163.6,19
CONFLUENCIA SUR,2074.5,20
AGUADA CÁNEPA,1957.3,21
MATA MORA NORTE,1658.6,22
MEDANO DE LA MORA,1655.2,23
AGUADA FEDERAL,1457.0,24
BANDURRIA CENTRO,1334.2,25
BAJO DEL TORO NORTE,903.8,26
RINCON DE ARANDA,849.3,27
LA ANGOSTURA SUR II,804.7,28
RIO NEUQUEN,797.7,29
LA ESCALONADA,719.5,30
BAJADA DE AÑELO,543.8,31
RINCON LA CENIZA,542.3,32
EL TRAPIAL,533.6,33
LOS TOLDOS ESTE,428.0,34
LA RIBERA BLOQUE I,420.4,35
LOMA JARILLOSA ESTE,385.4,36
CERRO LAS NIÑAS,351.7,37
AGUADA LOS LOROS,317.6,38
AGUADA VILLANUEVA NORTE,309.8,39
AGUADA PICHANA ESTE VACA MUERTA,291.6,40
CHIHUIDO DE LA SIERRA NEGRA,284.9,41
AGUADA DE LA ARENA,283.2,42
NARAMBUENA,245.5,43
PUESTO PARADA,238.5,44
AGUILA MORA,229.6,45
AGUA DEL CAJON,213.0,46
CN VII A,179.4,47
SAN ROQUE VACA MUERTA,168.8,48
LAS MANADAS,117.4,49
SIERRA BARROSA,115.3,50
CERRO NEGRO,112.2,51
BANDURRIA NORTE,110.7,52
LOS CAVAOS,109.0,53
PUESTO ROJAS,108.7,54
PASO DE LAS BARDAS NORTE,103.0,55
BARDA GONZALEZ,93.5,56
LOMA AMARILLA SUR,93.0,57
RINCON DEL MANGRULLO,90.1,58
PUESTO SILVA OESTE,58.3,59
BAJADA DEL PALO,53.1,60
MESETA BUENA ESPERANZA I,51.7,61
SIERRA CHATA,46.1,62
EL OREJANO,44.4,63
LAS TACANAS II,38.3,64
RIO GRANDE,36.8,65
AGUA DE AFUERA,30.2,66
MALAL DEL MEDIO,27.8,67
AGUADA DEL CHIVATO,27.5,68
LOMA ALTA,17.9,69
BAJO BARDA GONZALEZ,16.2,70
VEGA GRANDE,15.6,71
LOMA LA LATA,14.8,72
LA INVERNADA,14.2,73
EL CARACOL,12.6,74
CERRO LIUPUCA,11.8,75
CURAMCHED,8.7,76
AGUADA DEL PONCHO,7.0,77
BORDE MONTUOSO,6.8,78
PAYUN OESTE,5.5,79
PUESTO SIN NOMBRE,5.3,80
LA ESPERANZA,4.1,81
CENTENARIO CENTRO,4.0,82
CERRO AVISPA,3.4,83
POZOS SIN YACIMIENTO,2.6,84
BORDE ESPINOSO,2.6,85
LA RIBERA BLOQUE II,2.5,86
GUANACO,2.3,87
LINDERO ATRAVESADO ORIENTAL,2.1,88
PUESTO VERA,1.8,89
CERRO PARTIDO,1.2,90
PAMPA DE LAS YEGUAS II,1.0,91
TOTORAL,0.6,92
CORRALERA SUR,0.4,93
LOMA AMARILLA,0.4,94
NEUQUEN DEL MEDIO,0.4,95
BAJO GUANACO,0.2,96
CORRALERA NORESTE,0.2,97
CHALLACO,0.2,98
BAJO DEL TORO,0.1,99
LOMA DEL MOLLE,0.1,100
EL MANGRULLO,0.1,101
AGUA BOTADA,0.1,102
LAS TACANAS I,0.0,103
PAMPA DE LAS YEGUAS I,0.0,104
CERRO ARENA,0.0,105
AGUADA BAGUALES,0.0,106
ARROYO LOS MENUCOS,0.0,107
AGUADA VILLANUEVA,0.0,108
AGUADA PICHANA OESTE,0.0,109
AGUADA TOLEDO,0.0,110
AGUADA DE CASTRO,0.0,111
CERRO LAS MINAS,0.0,112
CENTENARIO BLOQUE II,0.0,113
BOSQUE CHAÑAR,0.0,114
LAS TACANAS,0.0,115
HUACALERA,0.0,116
CORTADERA,0.0,117
EL PASILLO,0.0,118
CN-V,0.0,119
CERRO NEGRO SUR,0.0,120
CINCO SALTOS,0.0,121
CINCO SALTOS NORTE,0.0,122
BARROSA NORTE,0.0,123
CERRO DIVISADERO,0.0,124
LOMA EL DIVISADERO,0.0,125
LIU CULLIN,0.0,126
LOMA ANCHA,0.0,127
LOS CAVAOS ESTE,0.0,128
LOS VOLCANES,0.0,129
LOMA RANQUELES,0.0,130
MIRADOR DEL VALLE,0.0,131
MESETA BUENA ESPERANZA,0.0,132
MESETA BUENA ESPERANZA II,0.0,133
MINA THEIS,0.0,134
LOS TOLDOS NORTE SIN YACIMIENTO,0.0,135
PARVA NEGRA OESTE,0.0,136
PARVA NEGRA ESTE,0.0,137
PAMPA PALAUCO,0.0,138
PIEDRAS BLANCAS,0.0,139
PARVA NEGRA,0.0,140
PASO DE INDIOS,0.0,141
RINCON AMARILLO,0.0,142
RIO ATUEL,0.0,143
PUNTILLA DEL HUINCAN,0.0,144
RANQUIL CO                           ,0.0,145
VOLCAN AUCA MAHUIDA,0.0,146
